key,seqNumber,instantiationMoment,report,link,key:fineDish
memorandum-03,GG:GQA-943:0003,2022/03/10 15:22,texto de prueba,https://google.es,fineDish-01
memorandum-04,GG:GQA-943:0004,2022/03/10 15:22,texto de prueba,https://google.es,fineDish-01
memorandum-05,AB:AJF-036:0005,2022/03/10 15:22,texto de prueba,https://google.es,fineDish-02
memorandum-06,AB:AJF-036:0006,2022/03/10 15:22,texto de prueba,https://google.es,fineDish-02
memorandum-07,AB:AIO-122:0007,2022/03/10 15:22,texto de prueba,https://google.es,fineDish-03
memorandum-08,AB:AIO-122:0008,2022/03/10 15:22,texto de prueba,https://google.es,fineDish-03
memorandum-09,AB:ABC-153:0009,2022/03/10 15:22,texto de prueba,https://google.es,fineDish-04
memorandum-10,AB:ABC-153:0010,2022/03/10 15:22,texto de prueba,https://google.es,fineDish-04
memorandum-11,AB:ABC-062:0011,2022/03/10 15:22,texto de prueba,https://google.es,fineDish-05
memorandum-12,AB:ABC-062:0012,2022/03/10 15:22,texto de prueba,https://google.es,fineDish-05
memorandum-13,AB:ABC-072:0013,2022/03/10 15:22,texto de prueba,https://google.es,fineDish-06
memorandum-14,AB:ABC-072:0014,2022/03/10 15:22,texto de prueba,https://google.es,fineDish-06
memorandum-15,AB:XDS-153:0015,2022/03/10 15:22,texto de prueba,https://google.es,fineDish-07
memorandum-16,AB:XDS-153:0016,2022/03/10 15:22,texto de prueba,https://google.es,fineDish-07
memorandum-17,AB:TYG-062:0017,2022/03/10 15:22,texto de prueba,https://google.es,fineDish-08
memorandum-18,AB:TYG-062:0018,2022/03/10 15:22,texto de prueba,https://google.es,fineDish-08
memorandum-19,AB:BVW-072:0019,2022/03/10 15:22,texto de prueba,https://google.es,fineDish-09
memorandum-20,AB:BVW-072:0020,2022/03/10 15:22,texto de prueba,https://google.es,fineDish-09
memorandum-21,FF:YHG-153:0021,2022/03/10 15:22,texto de prueba,https://google.es,fineDish-10
memorandum-22,FF:YHG-153:0022,2022/03/10 15:22,texto de prueba,https://google.es,fineDish-10
memorandum-23,TY:BKD-062:0023,2022/03/10 15:22,texto de prueba,https://google.es,fineDish-11
memorandum-24,TY:BKD-062:0024,2022/03/10 15:22,texto de prueba,https://google.es,fineDish-11
memorandum-25,BN:UHG-072:0025,2022/03/10 15:22,texto de prueba,https://google.es,fineDish-12
memorandum-26,BN:UHG-072:0026,2022/03/10 15:22,texto de prueba,https://google.es,fineDish-12
memorandum-27,ER:PIK-153:0027,2022/03/10 15:22,texto de prueba,https://google.es,fineDish-13
memorandum-28,ER:PIK-153:0028,2022/03/10 15:22,texto de prueba,https://google.es,fineDish-13
memorandum-29,TY:SFX-062:0029,2022/03/10 15:22,texto de prueba,https://google.es,fineDish-14
memorandum-30,TY:SFX-062:0030,2022/03/10 15:22,texto de prueba,https://google.es,fineDish-14
memorandum-31,EW:GRW-072:0031,2022/03/10 15:22,texto de prueba,https://google.es,fineDish-15
memorandum-32,EW:GRW-072:0032,2022/03/10 15:22,texto de prueba,https://google.es,fineDish-15
memorandum-33,RE:PDG-153:0033,2022/03/10 15:22,texto de prueba,https://google.es,fineDish-16
memorandum-34,RE:PDG-153:0034,2022/03/10 15:22,texto de prueba,https://google.es,fineDish-16
memorandum-35,IU:XFS-062:0035,2022/03/10 15:22,texto de prueba,https://google.es,fineDish-17
memorandum-36,IU:XFS-062:0036,2022/03/10 15:22,texto de prueba,https://google.es,fineDish-17
memorandum-37,WE:XDH-072:0037,2022/03/10 15:22,texto de prueba,https://google.es,fineDish-18
memorandum-38,WE:XDH-072:0038,2022/03/10 15:22,texto de prueba,https://google.es,fineDish-18
memorandum-39,TR:ANE-153:0039,2022/03/10 15:22,texto de prueba,https://google.es,fineDish-19
memorandum-40,TR:ANE-153:0040,2022/03/10 15:22,texto de prueba,https://google.es,fineDish-19
memorandum-41,XO:JIE-062:0041,2022/03/10 15:22,texto de prueba,https://google.es,fineDish-20
memorandum-42,XO:JIE-062:0042,2022/03/10 15:22,texto de prueba,https://google.es,fineDish-20
memorandum-43,SD:GEQ-072:0043,2022/03/10 15:22,texto de prueba,https://google.es,fineDish-21
memorandum-44,SD:GEQ-072:0044,2022/03/10 15:22,texto de prueba,https://google.es,fineDish-21
memorandum-45,ER:PIK-153:0045,2022/03/10 15:22,texto de prueba,https://google.es,fineDish-13
memorandum-46,RE:PDG-153:0046,2022/03/10 15:22,texto de prueba,https://google.es,fineDish-16
memorandum-47,SD:WWW-075:0047,2022/03/10 15:22,texto de prueba,https://google.es,fineDish-22
