key,version,writer,pieceOfText,instantionMoment,email,heading
peep-02,0,Pedrito,Hola esto es un mensaje de prueba,2022/07/28 15:22,pedrito@gmail.com,Titulo de prueba
peep-03,0,Juan,Hola esto es un mensaje de prueba,2022/08/28 15:22,juan@gmail.com,Titulo de prueba
peep-04,0,Manolo,Hola esto es un mensaje de prueba,2022/07/28 15:22,manolo@gmail.com,Titulo de prueba
peep-05,0,Carlos,Hola esto es un mensaje de prueba,2022/08/28 15:22,carlos@gmail.com,Titulo de prueba
peep-06,0,Eloy,Hola esto es un mensaje de prueba,2022/08/28 15:22,eloy@gmail.com,Titulo de prueba
peep-07,0,Jose,Hola esto es un mensaje de prueba,2022/08/28 15:22,jose@gmail.com,Titulo de prueba
peep-08,0,Luis,Hola esto es un mensaje de prueba,2022/08/28 15:22,luis@gmail.com,Titulo de prueba
peep-09,0,Marcos,Hola esto es un mensaje de prueba,2022/07/28 15:22,marcos@gmail.com,Titulo de prueba
peep-10,0,Marta,Hola esto es un mensaje de prueba,2022/07/28 15:22,marta@gmail.com,Titulo de prueba
peep-11,0,Sofia,Hola esto es un mensaje de prueba,2022/07/28 15:22,sofia@gmail.com,Titulo de prueba
